Date,N1,N2,N3,N4,N5,E1,E2
2004-02-13,14,26,32,46,47,3,11
2004-02-20,4,6,13,39,42,10,11
2004-02-27,3,13,29,33,39,2,12
2004-03-05,19,20,21,43,49,4,10
2004-03-12,10,23,24,29,30,5,12
2004-03-19,4,7,14,39,48,9,12
2004-03-26,13,19,34,43,44,5,10
2004-04-02,13,17,34,36,44,6,11
2004-04-09,19,25,27,42,45,8,11
2004-04-16,8,11,16,19,30,4,12
2004-04-23,3,15,31,34,47,2,7
2004-04-30,20,38,39,41,45,7,11
2004-05-07,6,12,17,29,45,2,12
2004-05-14,33,35,36,38,46,1,12
2004-05-21,1,4,20,29,50,2,12
2004-05-28,8,17,27,32,39,11,12
2004-06-04,2,3,4,24,27,4,12
2004-06-11,9,15,30,39,40,2,6
2004-06-18,1,2,17,26,30,11,12
2004-06-25,5,12,16,28,42,3,12
2004-07-02,3,10,26,40,41,3,11
2004-07-09,2,6,31,46,47,3,10
2004-07-16,9,18,36,41,45,4,10
2004-07-23,6,7,29,41,42,2,10
2004-07-30,3,8,10,13,25,10,11
2004-08-06,10,14,15,27,49,1,4
2004-08-13,2,21,28,37,44,2,6
2004-08-20,9,22,38,40,45,2,10
2004-08-27,5,8,21,34,41,5,10
2004-09-03,9,10,15,21,38,1,10
2004-09-10,15,18,21,26,48,7,12
2004-09-17,22,23,29,39,42,7,11
2004-09-24,1,10,17,42,44,9,10
2004-10-01,26,28,32,44,45,5,6
2004-10-08,7,12,33,41,50,10,12
2004-10-15,4,25,38,39,47,5,7
2004-10-22,1,2,8,30,43,1,4
2004-10-29,3,26,38,42,50,3,10
2004-11-05,2,4,13,26,42,7,9
2004-11-12,16,25,32,33,41,9,11
2004-11-19,12,17,22,23,32,1,6
2004-11-26,4,9,25,42,47,3,10
2004-12-03,5,11,17,27,31,8,9
2004-12-10,23,31,40,41,44,7,8
2004-12-17,9,11,24,34,48,6,9
2004-12-24,12,40,42,43,50,3,9
2004-12-31,21,24,30,45,46,2,3
2005-01-07,4,14,33,39,48,1,11
2005-01-14,16,36,37,38,46,8,10
2005-01-21,1,3,26,43,45,4,7
2005-01-28,8,15,19,27,47,7,10
2005-02-04,9,13,14,30,45,2,6
2005-02-11,16,21,22,29,45,8,9
2005-02-18,5,15,20,34,38,5,6
2005-02-25,12,17,41,44,46,8,9
2005-03-04,3,19,34,43,44,7,8
2005-03-11,33,38,40,41,47,8,12
2005-03-18,28,40,44,48,50,5,9
2005-03-25,5,16,23,25,36,6,10
2005-04-01,1,19,35,41,47,4,5
2005-04-08,25,35,40,43,44,2,3
2005-04-15,13,23,32,46,47,6,9
2005-04-22,3,4,21,38,46,1,5
2005-04-29,6,11,18,25,31,3,6
2005-05-06,2,11,23,28,49,2,5
2005-05-13,22,23,29,44,50,6,9
2005-05-20,9,18,27,36,42,7,9
2005-05-27,7,14,20,25,41,6,10
2005-06-03,17,19,20,21,45,5,9
2005-06-10,12,21,25,29,31,1,6
2005-06-17,21,37,40,42,48,4,9
2005-06-24,11,16,34,44,49,2,4
2005-07-01,9,15,37,39,42,6,12
2005-07-08,1,3,16,25,28,1,4
2005-07-15,13,21,34,42,47,4,6
2005-07-22,8,17,31,38,41,3,9
2005-07-29,7,34,41,45,47,10,11
2005-08-05,10,16,20,45,50,5,6
2005-08-12,4,6,12,26,50,6,7
2005-08-19,7,14,28,40,45,2,3
2005-08-26,13,18,26,30,32,2,6
2005-09-02,16,20,35,48,49,1,2
2005-09-09,4,11,28,37,48,3,8
2005-09-16,13,22,30,31,32,3,7
2005-09-23,1,2,15,21,29,3,11
2005-09-30,13,14,23,36,37,3,8
2005-10-07,7,16,28,33,34,1,7
2005-10-14,6,24,25,35,50,5,6
2005-10-21,1,3,18,32,44,3,5
2005-10-28,3,13,16,18,32,6,9
2005-11-04,1,10,16,29,38,2,7
2005-11-11,11,23,24,36,43,4,12
2005-11-18,4,9,12,16,39,4,7
2005-11-25,12,30,33,48,50,5,8
2005-12-02,21,24,25,33,45,5,10
2005-12-09,4,7,19,26,46,4,8
2005-12-16,14,23,27,30,47,1,10
2005-12-23,12,20,36,38,39,10,11
2005-12-30,13,20,24,36,41,9,12
2006-01-06,21,24,25,28,47,9,10
2006-01-13,1,3,19,21,48,5,12
2006-01-20,2,13,29,31,40,3,4
2006-01-27,6,25,37,42,46,11,12
2006-02-03,5,10,34,39,41,3,9
2006-02-10,6,10,29,30,39,2,10
2006-02-17,2,11,16,22,26,3,12
2006-02-24,14,19,32,34,48,4,12
2006-03-03,16,30,35,36,43,5,7
2006-03-10,9,31,33,42,44,7,11
2006-03-17,6,12,16,25,50,6,11
2006-03-24,8,12,16,26,50,5,8
2006-03-31,12,13,28,40,50,3,4
2006-04-07,6,16,19,31,36,3,6
2006-04-14,5,6,23,36,44,1,9
2006-04-21,25,26,32,39,50,2,7
2006-04-28,4,28,33,35,36,5,6
2006-05-05,8,19,21,23,38,2,3
2006-05-12,2,18,29,31,47,2,6
2006-05-19,13,24,25,36,41,3,6
2006-05-26,8,11,29,30,42,9,10
2006-06-02,9,15,39,46,49,6,11
2006-06-09,8,29,30,34,40,7,12
2006-06-16,3,9,29,41,50,2,5
2006-06-23,1,6,31,33,45,3,4
2006-06-30,8,16,32,41,43,9,10
2006-07-07,11,16,29,36,43,5,12
2006-07-14,9,10,23,26,44,11,12
2006-07-21,11,18,36,40,44,1,6
2006-07-28,17,27,28,44,49,10,11
2006-08-04,1,6,21,37,46,1,2
2006-08-11,3,4,41,44,49,2,5
2006-08-18,3,23,27,34,48,9,12
2006-08-25,31,32,33,34,43,8,9
2006-09-01,5,28,37,43,46,3,11
2006-09-08,7,18,29,38,46,1,9
2006-09-15,15,18,19,35,41,3,6
2006-09-22,5,8,14,21,42,6,8
2006-09-29,12,26,30,48,50,4,6
2006-10-06,16,29,32,34,50,3,9
2006-10-13,24,39,42,44,50,5,9
2006-10-20,3,19,33,39,41,3,11
2006-10-27,6,7,13,31,37,4,5
2006-11-03,5,13,25,29,44,2,5
2006-11-10,1,5,18,37,42,4,10
2006-11-17,6,21,36,40,44,3,11
2006-11-24,19,23,34,47,48,5,10
2006-12-01,1,8,38,43,47,7,10
2006-12-08,30,31,33,43,44,3,9
2006-12-15,1,5,13,33,44,2,11
2006-12-22,16,33,37,42,45,6,7
2006-12-29,21,34,45,47,48,4,11
2007-01-05,5,7,8,13,28,8,9
2007-01-12,22,27,36,46,48,4,7
2007-01-19,7,10,25,42,46,2,3
2007-01-26,19,23,34,35,39,8,12
2007-02-02,5,8,20,40,43,3,9
2007-02-09,6,13,24,48,49,2,4
2007-02-16,7,8,13,21,40,5,11
2007-02-23,11,12,15,40,49,4,5
2007-03-02,9,13,37,44,48,3,11
2007-03-09,10,11,14,39,47,6,8
2007-03-16,10,12,17,27,50,8,9
2007-03-23,1,6,7,9,29,5,6
2007-03-30,4,13,26,32,44,6,10
2007-04-06,4,15,32,38,49,4,12
2007-04-13,13,19,21,28,44,2,5
2007-04-20,3,15,30,36,46,1,3
2007-04-27,3,7,10,22,42,7,10
2007-05-04,5,15,16,26,33,8,12
2007-05-11,12,14,23,37,38,3,4
2007-05-18,6,15,33,41,46,1,4
2007-05-25,2,7,14,15,36,8,9
2007-06-01,14,18,20,47,49,3,10
2007-06-08,16,17,20,29,31,8,10
2007-06-15,10,24,34,35,50,4,9
2007-06-22,2,12,23,45,48,2,4
2007-06-29,5,14,16,19,43,1,8
2007-07-06,2,31,37,38,40,5,7
2007-07-13,2,11,15,40,46,10,11
2007-07-20,6,22,23,34,40,8,12
2007-07-27,1,7,10,38,47,5,9
2007-08-03,9,19,33,43,48,2,9
2007-08-10,18,27,32,41,47,5,11
2007-08-17,4,21,22,41,46,8,12
2007-08-24,12,27,31,43,46,1,5
2007-08-31,2,16,23,33,49,5,12
2007-09-07,6,7,11,23,38,3,6
2007-09-14,5,10,25,28,29,10,12
2007-09-21,9,13,21,38,49,1,10
2007-09-28,8,16,31,34,38,10,11
2007-10-05,5,30,34,43,50,2,9
2007-10-12,10,20,26,33,38,6,12
2007-10-19,2,8,13,26,45,1,9
2007-10-26,1,14,32,36,45,5,9
2007-11-02,9,16,40,44,50,3,10
2007-11-09,10,22,26,35,47,7,12
2007-11-16,3,22,27,42,45,6,9
2007-11-23,3,27,40,41,45,6,9
2007-11-30,5,7,30,32,43,4,7
2007-12-07,6,17,35,46,48,5,10
2007-12-14,21,44,45,46,48,1,12
2007-12-21,23,26,31,42,44,11,12
2007-12-28,15,16,37,38,45,2,4
2008-01-04,11,22,25,30,34,4,8
2008-01-11,19,26,45,46,49,2,6
2008-01-18,2,27,37,38,50,7,12
2008-01-25,20,23,37,39,43,7,8
2008-02-01,12,22,24,40,46,8,12
2008-02-08,5,7,14,19,26,6,7
2008-02-15,5,6,22,42,49,3,8
2008-02-22,19,25,30,45,50,6,11
2008-02-29,4,5,7,36,37,9,12
2008-03-07,9,14,18,26,28,2,8
2008-03-14,3,15,20,44,49,5,7
2008-03-21,5,20,35,45,48,6,7
2008-03-28,20,27,31,40,49,6,8
2008-04-04,6,22,24,29,42,2,5
2008-04-11,4,13,38,45,50,2,8
2008-04-18,5,10,33,41,49,1,2
2008-04-25,4,18,31,36,47,4,9
2008-05-02,1,15,18,27,49,7,11
2008-05-09,1,14,30,31,45,1,10
2008-05-16,1,18,20,35,37,3,11
2008-05-23,10,12,15,25,36,4,9
2008-05-30,3,29,41,43,49,3,6
2008-06-06,10,14,17,18,46,6,9
2008-06-13,11,16,24,26,43,4,9
2008-06-20,16,19,33,40,46,9,12
2008-06-27,24,28,31,44,47,2,10
2008-07-04,3,13,19,39,42,1,3
2008-07-11,20,28,36,37,39,7,10
2008-07-18,5,11,12,14,17,3,8
2008-07-25,5,9,11,38,44,9,12
2008-08-01,9,25,31,36,43,3,8
2008-08-08,15,16,28,46,49,7,8
2008-08-15,3,23,31,32,36,8,12
2008-08-22,12,15,38,43,49,3,12
2008-08-29,4,28,48,49,50,2,8
2008-09-05,4,7,8,11,49,4,10
2008-09-12,15,18,30,42,46,1,8
2008-09-19,6,17,37,41,43,4,11
2008-09-26,15,28,32,40,41,8,10
2008-10-03,11,14,17,45,49,1,9
2008-10-10,9,15,19,36,39,5,8
2008-10-17,1,27,31,43,45,3,5
2008-10-24,5,17,23,30,31,7,10
2008-10-31,2,6,12,41,42,6,12
2008-11-07,4,10,32,33,42,2,3
2008-11-14,3,15,17,35,42,8,12
2008-11-21,6,14,24,38,49,2,5
2008-11-28,1,16,19,27,33,6,10
2008-12-05,21,24,29,34,42,4,8
2008-12-12,9,17,20,30,46,2,5
2008-12-19,2,3,20,40,47,2,7
2008-12-26,21,22,28,40,45,7,12
2009-01-02,17,22,24,32,50,7,9
2009-01-09,4,17,34,47,50,2,7
2009-01-16,8,13,24,33,44,2,10
2009-01-23,6,23,39,40,45,1,9
2009-01-30,5,14,35,40,41,7,12
2009-02-06,3,13,20,30,38,3,10
2009-02-13,8,9,11,34,48,1,10
2009-02-20,4,6,30,31,49,2,8
2009-02-27,12,15,16,26,35,9,10
2009-03-06,10,12,19,22,42,1,6
2009-03-13,3,11,17,32,48,1,11
2009-03-20,6,17,26,38,44,2,3
2009-03-27,4,6,18,28,43,5,8
2009-04-03,14,28,30,32,36,5,8
2009-04-10,2,8,14,23,41,9,12
2009-04-17,11,15,21,47,49,1,2
2009-04-24,4,12,24,29,49,4,12
2009-05-01,10,11,18,33,40,1,5
2009-05-08,3,23,25,41,46,5,11
2009-05-15,2,27,35,46,47,3,7
2009-05-22,28,31,32,37,42,7,9
2009-05-29,5,8,12,41,47,5,12
2009-06-05,9,20,26,27,34,6,10
2009-06-12,12,13,27,28,47,2,5
2009-06-19,14,17,18,35,42,3,8
2009-06-26,2,5,14,34,41,3,11
2009-07-03,13,25,35,44,47,6,10
2009-07-10,15,22,36,38,48,3,5
2009-07-17,5,9,12,18,24,11,12
2009-07-24,6,25,31,33,49,9,11
2009-07-31,13,15,26,27,40,2,11
2009-08-07,1,6,25,42,47,7,8
2009-08-14,8,10,15,25,43,9,10
2009-08-21,3,21,27,41,47,5,12
2009-08-28,13,21,28,34,44,9,11
2009-09-04,12,15,27,34,36,3,9
2009-09-11,19,22,28,38,50,2,10
2009-09-18,20,26,35,39,40,8,9
2009-09-25,1,13,30,41,49,1,3
2009-10-02,8,27,28,31,43,2,3
2009-10-09,18,23,33,38,45,5,8
2009-10-16,6,11,17,38,45,5,9
2009-10-23,8,15,21,26,30,3,11
2009-10-30,1,6,15,30,41,3,7
2009-11-06,2,4,11,22,42,4,11
2009-11-13,7,19,28,31,48,8,9
2009-11-20,20,23,30,31,35,4,5
2009-11-27,5,9,33,42,45,1,9
2009-12-04,14,23,30,31,32,10,12
2009-12-11,2,33,40,41,47,1,4
2009-12-18,6,17,20,29,44,4,5
2009-12-25,7,15,17,19,28,3,7
2010-01-01,21,23,28,29,32,1,8
2010-01-08,9,10,40,44,47,1,2
2010-01-15,8,14,16,31,46,5,8
2010-01-22,7,14,18,33,46,3,9
2010-01-29,4,15,17,26,42,5,12
2010-02-05,3,5,16,17,35,1,2
2010-02-12,7,16,27,41,44,1,12
2010-02-19,4,28,32,33,34,3,9
2010-02-26,2,3,11,13,32,1,2
2010-03-05,3,10,18,24,31,7,10
2010-03-12,8,10,18,21,35,2,12
2010-03-19,3,10,27,35,42,1,3
2010-03-26,7,8,13,29,36,2,9
2010-04-02,2,23,36,37,41,2,10
2010-04-09,9,30,34,35,37,3,9
2010-04-16,15,17,19,25,43,7,12
2010-04-23,7,24,27,31,33,1,6
2010-04-30,2,3,29,44,45,4,11
2010-05-07,26,27,29,30,47,4,10
2010-05-14,5,6,34,39,50,1,9
2010-05-21,2,7,21,22,30,7,8
2010-05-28,2,24,25,31,39,2,11
2010-06-04,4,34,35,41,43,6,7
2010-06-11,8,14,17,19,30,5,7
2010-06-18,16,22,31,34,44,5,10
2010-06-25,8,17,24,29,38,1,4
2010-07-02,7,14,26,28,34,3,12
2010-07-09,5,17,19,31,45,8,10
2010-07-16,11,18,20,22,40,4,9
2010-07-23,5,22,30,38,43,3,9
2010-07-30,12,35,41,49,50,6,10
2010-08-06,10,13,14,24,42,2,11
2010-08-13,15,19,23,35,50,3,11
2010-08-20,1,7,12,18,45,6,10
2010-08-27,4,18,20,27,40,6,12
2010-09-03,10,24,33,34,48,7,8
2010-09-10,8,34,35,37,50,5,10
2010-09-17,9,13,23,26,48,4,7
2010-09-24,11,13,20,28,44,2,9
2010-10-01,17,22,29,41,47,1,10
2010-10-08,16,18,21,30,48,6,7
2010-10-15,15,16,28,34,48,1,6
2010-10-22,5,7,22,32,35,1,8
2010-10-29,2,13,21,36,45,6,12
2010-11-05,9,21,36,39,47,11,12
2010-11-12,1,20,24,30,41,5,12
2010-11-19,5,28,39,40,49,8,11
2010-11-26,22,33,38,45,46,8,9
2010-12-03,5,11,30,33,39,4,9
2010-12-10,2,5,29,38,40,3,4
2010-12-17,7,11,25,28,35,6,9
2010-12-24,4,12,31,47,48,3,7
2010-12-31,2,34,38,46,48,10,12
2011-01-07,2,6,17,36,42,9,12
2011-01-14,3,27,28,31,37,4,12
2011-01-21,19,20,23,33,45,7,12
2011-01-28,1,3,8,25,28,5,9
2011-02-04,12,32,33,35,40,2,5
2011-02-11,12,24,33,37,38,5,9
2011-02-18,28,29,33,35,45,3,7
2011-02-25,6,7,12,40,41,7,11
2011-03-04,10,11,31,47,48,8,9
2011-03-11,8,9,14,24,25,11,12
2011-03-18,2,22,27,47,49,9,12
2011-03-25,4,13,21,23,44,9,10
2011-04-01,4,28,31,36,47,5,6
2011-04-08,21,22,26,28,42,1,12
2011-04-15,19,20,22,23,44,4,5
2011-04-22,3,19,31,39,50,9,11
2011-04-29,3,23,31,32,42,3,9
2011-05-06,2,11,14,23,40,8,9
2011-05-10,1,21,31,37,41,4,11
2011-05-13,3,22,38,43,45,7,10
2011-05-17,2,11,13,21,48,7,8
2011-05-20,16,20,45,48,49,3,10
2011-05-24,1,28,33,41,43,8,10
2011-05-27,2,23,24,29,38,4,12
2011-05-31,11,13,14,28,30,6,11
2011-06-03,6,18,21,28,44,1,4
2011-06-07,12,15,28,32,47,9,12
2011-06-10,5,20,27,33,41,3,5
2011-06-14,6,24,28,35,40,2,5
2011-06-17,1,13,14,28,40,4,11
2011-06-21,2,11,33,34,44,1,11
2011-06-24,1,2,21,25,40,3,7
2011-06-28,9,13,28,41,42,2,5
2011-07-01,4,19,29,44,47,4,9
2011-07-05,1,29,30,35,45,2,12
2011-07-08,1,6,23,38,50,3,9
2011-07-12,13,15,19,27,36,3,5
2011-07-15,18,30,32,39,41,6,11
2011-07-19,7,10,13,43,47,1,9
2011-07-22,5,21,24,40,41,6,8
2011-07-26,7,11,15,23,46,1,3
2011-07-29,1,11,35,38,50,2,10
2011-08-02,9,33,42,47,48,8,12
2011-08-05,30,34,38,40,49,4,12
2011-08-09,16,21,34,37,46,2,10
2011-08-12,4,8,15,33,43,2,9
2011-08-16,14,20,23,34,49,2,4
2011-08-19,15,17,23,30,38,3,12
2011-08-23,9,28,29,41,44,3,5
2011-08-26,3,16,27,45,50,8,12
2011-08-30,6,17,22,35,46,5,6
2011-09-02,14,25,28,36,50,3,5
2011-09-06,9,20,22,25,36,1,4
2011-09-09,24,30,43,45,50,4,12
2011-09-13,12,15,25,31,36,9,11
2011-09-16,3,27,36,49,50,2,4
2011-09-20,15,19,20,22,39,1,6
2011-09-23,1,10,22,24,26,2,5
2011-09-27,9,26,41,48,49,7,8
2011-09-30,1,9,24,47,49,1,6
2011-10-04,8,13,24,36,49,9,10
2011-10-07,10,13,19,28,38,2,7
2011-10-11,6,18,29,38,41,3,7
2011-10-14,13,17,34,36,38,6,9
2011-10-18,1,3,15,21,32,10,11
2011-10-21,37,45,47,48,49,4,11
2011-10-25,1,25,33,43,47,3,12
2011-10-28,3,15,19,21,29,2,8
2011-11-01,3,19,23,42,44,3,7
2011-11-04,4,6,18,49,50,8,11
2011-11-08,2,15,25,29,40,3,7
2011-11-11,8,18,34,39,48,5,11
2011-11-15,17,24,26,29,44,5,9
2011-11-18,21,22,31,32,36,4,7
2011-11-22,2,13,14,46,49,5,11
2011-11-25,17,25,29,36,40,5,10
2011-11-29,12,22,25,46,50,4,6
2011-12-02,2,5,11,26,39,4,10
2011-12-06,3,6,26,41,46,4,5
2011-12-09,13,15,24,28,40,1,8
2011-12-13,2,17,24,47,48,2,6
2011-12-16,15,21,39,40,46,1,12
2011-12-20,8,23,35,36,46,4,12
2011-12-23,3,16,21,36,38,3,9
2011-12-27,3,11,29,48,49,4,9
2011-12-30,4,32,38,46,47,2,5
2012-01-03,11,14,26,41,50,4,5
2012-01-06,7,17,23,39,50,5,7
2012-01-10,2,3,14,31,46,8,9
2012-01-13,5,15,39,43,45,1,6
2012-01-17,21,23,24,41,43,7,11
2012-01-20,5,21,23,33,42,10,11
2012-01-24,1,3,14,27,34,5,9
2012-01-27,11,17,19,21,29,7,10
2012-01-31,12,17,18,21,22,8,11
2012-02-03,4,5,32,45,46,4,11
2012-02-07,4,20,37,47,48,7,12
2012-02-10,17,20,23,41,44,5,9
2012-02-14,7,8,19,25,26,1,8
2012-02-17,6,21,23,25,29,11,12
2012-02-21,6,8,18,19,22,6,11
2012-02-24,1,3,8,20,41,8,10
2012-02-28,8,24,39,40,42,1,12
2012-03-02,10,11,13,21,49,2,5
2012-03-06,4,6,11,22,42,2,11
2012-03-09,8,14,15,22,37,3,7
2012-03-13,18,30,31,33,37,11,12
2012-03-16,3,18,35,36,48,2,12
2012-03-20,26,28,40,47,48,1,12
2012-03-23,15,20,23,25,32,9,10
2012-03-27,8,9,12,47,48,10,11
2012-03-30,5,13,14,23,38,7,10
2012-04-03,19,21,22,23,32,5,12
2012-04-06,18,19,24,25,34,10,12
2012-04-10,2,4,23,32,40,2,8
2012-04-13,4,5,12,17,44,3,12
2012-04-17,11,25,28,44,50,1,7
2012-04-20,7,8,9,16,47,1,12
2012-04-24,18,20,27,36,40,6,8
2012-04-27,9,10,20,43,49,2,7
2012-05-01,8,10,22,26,35,2,6
2012-05-04,7,18,24,33,41,9,11
2012-05-08,21,24,29,45,48,6,11
2012-05-11,15,24,25,46,47,3,7
2012-05-15,3,5,8,15,24,2,5
2012-05-18,29,40,42,43,50,6,8
2012-05-22,4,8,11,20,44,7,8
2012-05-25,7,11,13,14,25,2,5
2012-05-29,12,19,27,46,48,4,7
2012-06-01,5,12,19,40,44,3,10
2012-06-05,5,13,14,26,42,1,9
2012-06-08,15,29,35,44,48,7,10
2012-06-12,3,5,6,33,44,6,9
2012-06-15,5,15,37,42,50,1,11
2012-06-19,11,17,23,24,40,2,4
2012-06-22,12,32,36,43,49,8,10
2012-06-26,13,14,21,36,37,1,6
2012-06-29,5,11,24,29,46,4,9
2012-07-03,4,16,31,33,39,1,12
2012-07-06,16,43,44,45,47,8,9
2012-07-10,4,10,18,24,46,9,12
2012-07-13,10,19,21,44,45,3,7
2012-07-17,17,20,38,47,49,8,10
2012-07-20,11,13,17,32,43,8,12
2012-07-24,17,32,44,46,47,3,9
2012-07-27,13,18,19,31,40,3,5
2012-07-31,1,27,29,37,45,6,8
2012-08-03,6,8,23,34,37,4,10
2012-08-07,15,19,23,35,36,6,8
2012-08-10,8,9,20,22,27,3,6
2012-08-14,5,19,36,40,48,7,10
2012-08-17,15,34,42,46,50,8,10
2012-08-21,5,9,27,29,39,4,8
2012-08-24,4,13,25,41,42,7,9
2012-08-28,7,9,34,39,43,6,10
2012-08-31,6,17,46,47,48,1,3
2012-09-04,3,17,27,29,48,2,7
2012-09-07,1,4,31,39,46,2,12
2012-09-11,6,15,35,42,45,4,9
2012-09-14,6,8,23,26,34,3,8
2012-09-18,1,21,25,32,50,3,7
2012-09-21,11,16,17,20,47,1,2
2012-09-25,14,28,34,40,45,3,9
2012-09-28,2,5,26,45,50,8,9
2012-10-02,2,9,13,15,46,6,10
2012-10-05,1,14,16,36,48,5,10
2012-10-09,9,13,20,36,44,1,12
2012-10-12,11,23,40,45,49,1,3
2012-10-16,13,14,21,41,49,7,11
2012-10-19,23,25,40,43,48,6,11
2012-10-23,1,3,5,16,29,2,7
2012-10-26,3,21,36,39,45,2,10
2012-10-30,15,18,28,33,46,1,9
2012-11-02,6,12,38,39,48,3,11
2012-11-06,11,21,36,39,45,2,10
2012-11-09,5,15,26,36,49,1,5
2012-11-13,3,12,23,39,49,5,9
2012-11-16,4,8,18,37,39,9,11
2012-11-20,5,16,21,24,39,3,10
2012-11-23,8,18,38,45,46,5,10
2012-11-27,2,15,19,25,46,11,12
2012-11-30,18,22,34,38,39,6,9
2012-12-04,7,9,23,36,43,1,8
2012-12-07,7,10,32,41,48,6,11
2012-12-11,19,35,40,44,48,6,8
2012-12-14,3,20,30,31,46,2,5
2012-12-18,25,30,37,45,49,3,11
2012-12-21,4,16,29,33,37,3,7
2012-12-25,7,16,18,33,47,6,10
2012-12-28,1,21,26,34,41,5,11
2013-01-01,8,10,19,34,50,1,12
2013-01-04,8,24,27,38,41,1,11
2013-01-08,4,5,37,40,50,2,9
2013-01-11,10,21,25,37,40,2,9
2013-01-15,15,23,38,39,42,5,10
2013-01-18,3,11,30,39,49,4,6
2013-01-22,11,13,21,26,48,5,12
2013-01-25,4,5,10,28,45,4,6
2013-01-29,16,26,33,34,43,4,5
2013-02-01,4,24,39,44,45,3,7
2013-02-05,2,7,12,25,41,5,8
2013-02-08,10,15,17,23,40,8,10
2013-02-12,17,21,39,45,46,1,8
2013-02-15,5,15,33,34,45,9,11
2013-02-19,1,6,20,21,38,7,10
2013-02-22,10,24,25,41,46,3,4
2013-02-26,10,12,26,42,46,3,6
2013-03-01,9,15,16,22,23,4,12
2013-03-05,7,15,26,42,47,4,9
2013-03-08,1,2,16,28,38,7,11
2013-03-12,7,26,28,38,44,6,11
2013-03-15,8,15,18,21,30,1,12
2013-03-19,3,5,20,33,39,5,6
2013-03-22,6,19,21,38,49,6,10
2013-03-26,6,9,15,28,48,1,8
2013-03-29,2,24,32,37,45,10,11
2013-04-02,8,16,30,37,47,3,7
2013-04-05,3,4,33,37,47,1,9
2013-04-09,15,17,18,22,45,5,10
2013-04-12,8,13,16,31,46,7,12
2013-04-16,9,13,23,25,30,1,12
2013-04-19,8,19,20,22,37,10,11
2013-04-23,3,30,34,38,45,1,11
2013-04-26,3,5,12,38,46,5,7
2013-04-30,1,13,16,43,47,4,9
2013-05-03,1,3,6,30,34,3,7
2013-05-07,6,8,13,33,40,6,7
2013-05-10,5,11,30,35,41,3,8
2013-05-14,2,9,14,31,47,4,6
2013-05-17,1,3,17,45,49,6,7
2013-05-21,20,22,27,37,44,7,9
2013-05-24,2,6,12,15,16,4,11
2013-05-28,2,5,19,23,24,4,8
2013-05-31,12,24,36,42,44,3,4
2013-06-04,8,11,22,31,41,3,10
2013-06-07,4,7,8,18,19,2,5
2013-06-11,8,19,23,33,37,1,3
2013-06-14,5,35,37,40,43,1,3
2013-06-18,6,17,34,41,50,4,8
2013-06-21,1,2,4,11,49,5,6
2013-06-25,1,12,23,25,43,6,11
2013-06-28,4,16,21,37,42,11,12
2013-07-02,5,9,24,44,46,1,5
2013-07-05,3,10,16,17,49,1,2
2013-07-09,4,22,28,34,42,5,7
2013-07-12,4,9,16,37,38,1,4
2013-07-16,27,37,40,44,50,4,12
2013-07-19,1,20,22,43,46,7,8
2013-07-23,1,7,11,29,43,3,10
2013-07-26,2,11,35,44,50,3,7
2013-07-30,2,3,16,45,48,4,12
2013-08-02,2,6,14,42,44,3,9
2013-08-06,18,26,37,41,42,2,12
2013-08-09,4,14,30,40,45,3,8
2013-08-13,3,8,13,23,36,8,10
2013-08-16,8,23,25,46,49,1,7
2013-08-20,12,17,24,29,38,3,9
2013-08-23,1,12,24,31,41,3,4
2013-08-27,9,22,24,33,38,6,7
2013-08-30,16,21,30,31,48,7,12
2013-09-03,3,17,29,38,40,2,7
2013-09-06,30,31,38,39,46,1,3
2013-09-10,1,2,9,16,21,9,12
2013-09-13,2,11,12,13,45,3,4
2013-09-17,2,8,20,26,50,3,5
2013-09-20,19,27,33,36,46,7,12
2013-09-24,14,18,20,30,37,3,11
2013-09-27,26,32,36,38,42,5,8
2013-10-01,2,10,24,32,45,2,7
2013-10-04,9,13,26,28,37,2,6
2013-10-08,4,30,37,38,45,4,9
2013-10-11,13,18,22,26,35,2,5
2013-10-15,1,9,14,30,43,7,9
2013-10-18,1,16,18,29,35,2,11
2013-10-22,7,8,24,35,44,8,10
2013-10-25,9,14,34,43,50,3,12
2013-10-29,12,19,30,44,48,10,11
2013-11-01,22,31,32,39,44,10,12
2013-11-05,8,33,47,48,49,4,6
2013-11-08,1,5,20,36,37,10,11
2013-11-12,3,11,19,33,36,7,8
2013-11-15,4,11,37,44,48,8,12
2013-11-19,17,38,39,41,47,1,7
2013-11-22,33,37,40,42,45,7,11
2013-11-26,7,8,10,24,32,5,6
2013-11-29,8,16,24,25,43,2,7
2013-12-03,12,15,19,23,35,1,11
2013-12-06,1,4,10,12,34,6,11
2013-12-10,2,8,11,42,46,8,11
2013-12-13,1,6,34,40,43,3,9
2013-12-17,17,19,20,42,43,8,9
2013-12-20,4,9,22,27,29,9,10
2013-12-24,6,31,41,45,48,1,10
2013-12-27,10,25,39,40,42,3,7
2013-12-31,15,19,32,44,47,5,12
2014-01-03,15,21,28,36,44,7,10
2014-01-07,3,23,29,41,48,6,8
2014-01-10,15,31,34,43,44,2,12
2014-01-14,1,17,23,32,48,4,12
2014-01-17,1,2,7,19,20,1,9
2014-01-21,10,31,36,39,44,8,11
2014-01-24,11,12,17,27,36,3,12
2014-01-28,4,6,14,21,33,6,12
2014-01-31,24,30,32,44,49,7,9
2014-02-04,3,20,24,35,44,4,6
2014-02-07,4,7,14,21,30,3,9
2014-02-11,5,18,25,40,45,3,12
2014-02-14,9,13,15,16,46,4,8
2014-02-18,11,14,18,29,37,7,8
2014-02-21,2,14,20,37,48,3,10
2014-02-25,16,24,25,29,30,1,5
2014-02-28,6,24,28,31,49,9,11
2014-03-04,7,10,24,26,31,6,11
2014-03-07,28,31,35,38,45,11,12
2014-03-11,10,34,36,41,48,5,9
2014-03-14,16,21,23,29,34,2,9
2014-03-18,6,24,28,31,37,2,10
2014-03-21,2,4,14,19,28,3,8
2014-03-25,2,5,31,35,44,9,12
2014-03-28,9,13,20,39,46,1,6
2014-04-01,6,24,25,33,49,5,8
2014-04-04,11,21,35,36,44,3,8
2014-04-08,14,22,35,45,46,1,11
2014-04-11,4,32,34,35,41,10,11
2014-04-15,3,20,25,41,49,3,5
2014-04-18,5,10,14,16,44,3,9
2014-04-22,14,19,22,44,50,4,7
2014-04-25,14,33,41,43,45,1,4
2014-04-29,6,42,43,45,46,6,10
2014-05-02,9,15,16,17,33,11,12
2014-05-06,6,13,29,43,48,5,8
2014-05-09,1,19,20,24,39,2,11
2014-05-13,1,26,29,32,48,7,9
2014-05-16,2,5,11,46,48,1,8
2014-05-20,1,3,8,31,41,7,11
2014-05-23,3,31,35,44,47,1,4
2014-05-27,10,15,17,23,42,6,10
2014-05-30,10,23,31,42,50,7,9
2014-06-03,1,23,25,40,43,1,4
2014-06-06,1,8,19,35,42,2,10
2014-06-10,13,16,22,26,49,4,7
2014-06-13,20,25,35,45,48,8,10
2014-06-17,2,15,41,43,45,2,6
2014-06-20,30,31,40,41,48,3,4
2014-06-24,15,17,25,27,49,3,7
2014-06-27,9,17,18,37,44,5,10
2014-07-01,20,27,32,39,50,5,11
2014-07-04,1,19,20,34,41,9,11
2014-07-08,11,18,33,42,45,2,12
2014-07-11,8,18,27,33,47,2,10
2014-07-15,9,35,38,41,49,2,7
2014-07-18,8,31,36,46,47,3,12
2014-07-22,3,5,19,35,45,2,9
2014-07-25,13,23,32,37,42,6,10
2014-07-29,5,19,22,41,47,6,10
2014-08-01,32,33,37,43,50,4,6
2014-08-05,2,29,38,43,45,3,9
2014-08-08,5,6,13,35,38,1,11
2014-08-12,16,18,28,40,45,5,10
2014-08-15,5,7,11,14,33,2,6
2014-08-19,5,8,20,28,43,2,5
2014-08-22,2,15,17,27,35,8,9
2014-08-26,10,23,27,32,38,7,12
2014-08-29,8,23,29,39,50,1,9
2014-09-02,11,20,23,30,34,1,3
2014-09-05,8,21,35,42,44,2,10
2014-09-09,3,16,23,24,36,2,10
2014-09-12,1,5,24,30,48,5,7
2014-09-16,4,7,19,22,26,2,12
2014-09-19,2,20,35,40,48,1,4
2014-09-23,10,32,39,44,50,6,9
2014-09-26,5,16,35,43,50,5,12
2014-09-30,8,27,28,29,42,4,11
2014-10-03,5,10,15,22,26,6,8
2014-10-07,1,5,11,32,33,1,11
2014-10-10,4,20,28,32,38,2,12
2014-10-14,6,26,34,42,43,5,12
2014-10-17,2,7,13,26,31,4,7
2014-10-21,18,26,31,34,35,6,7
2014-10-24,25,29,30,40,41,2,8
2014-10-28,4,5,7,43,48,4,9
2014-10-31,13,15,25,39,49,4,6
2014-11-04,4,11,29,33,45,8,9
2014-11-07,5,6,20,25,26,2,10
2014-11-11,4,6,18,37,43,10,12
2014-11-14,4,5,32,48,50,3,12
2014-11-18,4,9,20,23,41,7,8
2014-11-21,2,17,24,30,40,2,3
2014-11-25,8,19,23,32,43,5,6
2014-11-28,8,14,27,46,48,7,9
2014-12-02,16,17,34,49,50,1,7
2014-12-05,9,20,36,45,47,2,8
2014-12-09,2,3,22,27,47,3,6
2014-12-12,3,13,17,20,36,7,10
2014-12-16,17,21,34,39,48,1,9
2014-12-19,1,4,18,33,44,7,11
2014-12-23,8,14,17,21,50,10,12
2014-12-26,33,36,41,47,49,11,12
2014-12-30,2,17,32,35,50,2,3
2015-01-02,3,6,11,15,17,5,11
2015-01-06,5,20,24,36,38,10,11
2015-01-09,13,24,34,43,48,3,7
2015-01-13,2,9,14,20,34,1,11
2015-01-16,5,10,36,41,45,6,8
2015-01-20,20,30,32,36,41,9,11
2015-01-23,4,5,7,16,22,9,10
2015-01-27,6,9,31,34,48,6,9
2015-01-30,13,15,19,20,34,5,10
2015-02-03,5,17,24,30,39,2,3
2015-02-06,20,26,28,35,36,3,6
2015-02-10,8,9,37,44,46,5,8
2015-02-13,7,17,31,46,48,1,11
2015-02-17,1,2,9,18,42,2,6
2015-02-20,15,26,28,33,43,3,10
2015-02-24,7,12,27,29,49,8,11
2015-02-27,6,16,25,30,45,7,12
2015-03-03,12,22,24,28,42,4,10
2015-03-06,11,12,14,15,40,5,11
2015-03-10,12,34,38,42,45,1,10
2015-03-13,26,31,35,39,43,1,4
2015-03-17,18,22,23,24,50,10,11
2015-03-20,2,18,23,24,31,4,7
2015-03-24,7,15,20,27,38,3,6
2015-03-27,2,18,30,38,45,3,9
2015-03-31,3,7,9,15,43,4,7
2015-04-03,8,29,32,35,46,8,9
2015-04-07,3,5,10,34,42,4,7
2015-04-10,6,10,23,24,45,2,9
2015-04-14,6,11,22,32,42,3,5
2015-04-17,9,21,29,35,45,7,9
2015-04-21,5,13,16,35,41,7,9
2015-04-24,2,28,31,45,46,3,12
2015-04-28,2,9,28,34,42,4,7
2015-05-01,3,13,23,28,37,7,11
2015-05-05,8,21,23,42,48,1,6
2015-05-08,8,17,21,31,44,5,6
2015-05-12,3,22,35,39,40,3,4
2015-05-15,5,16,18,29,39,3,7
2015-05-19,4,10,19,20,31,7,9
2015-05-22,7,13,30,36,45,6,9
2015-05-26,4,8,32,36,39,1,2
2015-05-29,8,9,41,44,49,6,11
2015-06-02,1,22,29,42,45,1,6
2015-06-05,4,28,35,48,49,2,12
2015-06-09,7,20,24,31,44,2,7
2015-06-12,18,19,23,38,40,2,6
2015-06-16,13,22,29,31,37,5,10
2015-06-19,2,7,19,31,38,10,11
2015-06-23,5,33,37,44,47,5,11
2015-06-26,31,33,43,46,48,2,3
2015-06-30,3,4,5,31,38,1,2
2015-07-03,10,19,25,40,50,1,3
2015-07-07,22,23,27,39,47,3,10
2015-07-10,7,11,14,19,20,6,12
2015-07-14,3,6,20,34,35,6,11
2015-07-17,26,41,45,49,50,10,12
2015-07-21,3,12,15,27,49,3,7
2015-07-24,8,13,14,23,35,1,12
2015-07-28,18,28,44,47,50,2,5
2015-07-31,1,6,22,42,48,1,5
2015-08-04,4,6,18,20,43,8,11
2015-08-07,4,14,15,23,46,9,11
2015-08-11,8,16,38,40,41,3,10
2015-08-14,9,15,22,28,48,3,8
2015-08-18,2,8,14,44,46,6,8
2015-08-21,12,14,24,29,34,6,7
2015-08-25,7,16,21,35,39,6,10
2015-08-28,7,23,27,30,46,2,4
2015-09-01,21,26,28,38,45,1,7
2015-09-04,12,20,41,42,50,1,10
2015-09-08,15,18,25,35,50,11,12
2015-09-11,8,12,38,39,44,5,9
2015-09-15,9,18,21,33,38,5,8
2015-09-18,24,29,39,44,46,3,6
2015-09-22,3,9,26,38,44,3,5
2015-09-25,1,11,29,34,36,8,12
2015-09-29,7,19,21,40,42,2,3
2015-10-02,27,29,38,43,50,3,5
2015-10-06,5,6,10,12,37,2,8
2015-10-09,9,13,18,27,48,10,12
2015-10-13,15,18,22,27,28,9,11
2015-10-16,13,27,37,42,43,1,10
2015-10-20,10,25,29,43,49,6,7
2015-10-23,4,8,16,38,49,5,11
2015-10-27,1,5,19,24,46,2,9
2015-10-30,3,4,9,29,48,7,11
2015-11-03,2,18,29,40,44,10,11
2015-11-06,2,4,26,38,50,1,3
2015-11-10,11,14,21,41,48,7,9
2015-11-13,3,4,29,36,42,1,5
2015-11-17,7,12,13,15,47,1,8
2015-11-20,12,18,28,32,50,1,11
2015-11-24,3,10,12,32,46,4,12
2015-11-27,6,11,18,26,43,2,12
2015-12-01,22,32,40,41,50,7,9
2015-12-04,7,18,19,24,28,3,7
2015-12-08,22,25,29,31,34,3,10
2015-12-11,22,23,35,37,44,4,12
2015-12-15,11,13,16,29,42,9,12
2015-12-18,8,23,42,43,46,3,8
2015-12-22,8,10,20,37,45,2,11
2015-12-25,1,17,26,35,47,2,8
2015-12-29,11,20,21,40,42,5,8
2016-01-01,4,6,18,24,37,1,9
2016-01-05,12,22,25,29,48,7,12
2016-01-08,20,37,38,39,43,2,8
2016-01-12,7,15,26,44,49,7,8
2016-01-15,12,14,30,32,37,7,11
2016-01-19,3,22,28,33,44,1,11
2016-01-22,17,35,37,41,49,6,7
2016-01-26,11,27,42,46,50,6,8
2016-01-29,11,37,38,48,50,3,6
2016-02-02,7,14,23,37,44,5,6
2016-02-05,12,21,24,27,34,2,9
2016-02-09,9,15,41,42,48,5,10
2016-02-12,1,15,19,41,48,7,12
2016-02-16,7,32,37,40,45,6,8
2016-02-19,18,25,37,45,46,8,12
2016-02-23,9,14,17,30,37,8,10
2016-02-26,3,4,28,40,48,2,3
2016-03-01,3,7,38,42,47,10,12
2016-03-04,13,21,23,24,32,4,10
2016-03-08,13,35,46,49,50,4,9
2016-03-11,8,9,11,20,32,9,11
2016-03-15,2,10,14,27,35,3,4
2016-03-18,9,13,32,35,46,8,10
2016-03-22,6,9,18,34,40,10,11
2016-03-25,2,10,32,38,48,6,7
2016-03-29,7,19,23,33,34,4,6
2016-04-01,1,2,16,48,50,1,10
2016-04-05,5,23,24,36,44,8,10
2016-04-08,27,36,38,41,48,1,8
2016-04-12,3,17,22,26,34,3,6
2016-04-15,23,29,31,43,48,5,10
2016-04-19,8,19,29,38,50,2,3
2016-04-22,2,19,21,25,32,1,6
2016-04-26,12,35,41,42,45,5,12
2016-04-29,3,13,34,37,47,6,9
2016-05-03,2,17,31,37,50,8,12
2016-05-06,11,33,46,48,50,3,8
2016-05-10,1,9,24,26,38,1,12
2016-05-13,30,31,33,44,50,1,7
2016-05-17,20,22,25,32,45,5,6
2016-05-20,5,19,30,33,42,3,12
2016-05-24,6,15,35,40,43,9,11
2016-05-27,9,16,33,35,42,1,4
2016-05-31,16,31,32,36,40,5,7
2016-06-03,28,29,40,42,50,3,8
2016-06-07,4,11,12,27,40,4,5
2016-06-10,5,14,18,30,32,7,9
2016-06-14,15,20,27,39,49,2,8
2016-06-17,13,16,19,33,44,5,8
2016-06-21,5,15,21,30,49,8,10
2016-06-24,1,24,45,47,48,1,9
2016-06-28,1,4,25,28,47,1,3
2016-07-01,4,15,33,38,46,4,7
2016-07-05,13,39,41,42,44,2,9
2016-07-08,3,20,30,36,37,3,4
2016-07-12,1,4,6,7,42,5,12
2016-07-15,10,12,16,30,36,10,11
2016-07-19,7,8,27,29,43,1,6
2016-07-22,10,26,46,47,50,7,9
2016-07-26,3,8,29,38,48,3,9
2016-07-29,12,21,27,39,42,6,7
2016-08-02,1,15,16,18,46,7,8
2016-08-05,13,24,42,46,50,6,10
2016-08-09,7,19,25,29,31,6,8
2016-08-12,3,17,22,40,50,5,8
2016-08-16,2,15,26,35,46,3,10
2016-08-19,7,9,16,21,31,5,7
2016-08-23,1,4,7,15,45,1,9
2016-08-26,13,14,16,23,37,3,10
2016-08-30,13,18,28,45,50,8,11
2016-09-02,4,26,34,46,47,7,9
2016-09-06,6,27,39,40,47,1,6
2016-09-09,5,11,14,17,29,3,4
2016-09-13,3,5,8,37,50,4,9
2016-09-16,1,9,19,26,49,3,5
2016-09-20,9,12,26,28,36,3,11
2016-09-23,2,18,31,33,45,2,10
2016-09-27,4,22,25,28,45,1,7
2016-09-30,9,32,34,41,43,5,6
2016-10-04,18,27,45,47,50,6,12
2016-10-07,8,14,16,24,31,2,3
2016-10-11,32,36,38,44,45,2,10
2016-10-14,24,32,33,36,40,9,12
2016-10-18,24,31,41,44,49,1,11
2016-10-21,4,8,10,25,47,8,12
2016-10-25,1,2,5,25,41,4,7
2016-10-28,6,14,21,38,42,4,5
2016-11-01,12,20,42,47,50,5,8
2016-11-04,20,22,26,28,41,2,12
2016-11-08,5,9,21,26,28,6,7
2016-11-11,2,9,14,23,26,5,7
2016-11-15,1,15,18,26,42,3,12
2016-11-18,25,28,29,31,49,2,3
2016-11-22,17,18,21,33,48,4,9
2016-11-25,9,17,35,37,40,3,5
2016-11-29,14,19,27,45,48,2,5
2016-12-02,5,20,31,37,43,2,6
2016-12-06,7,17,21,28,40,5,6
2016-12-09,1,7,24,40,43,4,10
2016-12-13,22,29,32,49,50,1,7
2016-12-16,7,18,28,29,42,7,11
2016-12-20,3,31,33,34,45,1,2
2016-12-23,4,14,15,26,33,6,8
2016-12-27,11,15,21,23,42,7,10
2016-12-30,5,21,29,49,50,2,11
2017-01-03,12,17,26,28,41,9,12
2017-01-06,5,11,26,42,44,6,10
2017-01-10,20,21,32,41,47,1,2
2017-01-13,1,8,10,13,31,2,4
2017-01-17,18,28,38,46,47,2,6
2017-01-20,3,18,27,39,48,6,11
2017-01-24,1,2,33,45,47,3,8
2017-01-27,6,41,42,48,50,11,12
2017-01-31,2,16,36,38,45,1,4
2017-02-03,13,20,29,30,39,1,9
2017-02-07,11,13,20,35,43,6,12
2017-02-10,3,7,21,46,49,1,9
2017-02-14,17,39,45,48,50,4,7
2017-02-17,30,31,35,43,44,8,12
2017-02-21,17,19,20,48,49,3,10
2017-02-24,8,25,34,45,47,9,11
2017-02-28,6,7,11,40,47,4,6
2017-03-03,7,37,44,46,48,6,8
2017-03-07,10,13,16,22,26,8,10
2017-03-10,9,18,20,31,37,4,11
2017-03-14,9,33,38,43,47,3,8
2017-03-17,6,9,16,29,39,7,12
2017-03-21,21,29,38,39,41,3,12
2017-03-24,3,5,34,35,40,6,7
2017-03-28,33,37,39,40,46,1,3
2017-03-31,1,27,35,42,49,7,10
2017-04-04,2,8,13,25,35,9,11
2017-04-07,4,19,35,38,44,4,7
2017-04-11,7,21,39,40,47,2,3
2017-04-14,14,20,28,32,36,5,12
2017-04-18,4,10,21,42,49,1,3
2017-04-21,7,22,23,31,45,4,11
2017-04-25,6,21,34,35,42,1,4
2017-04-28,10,14,22,25,36,1,2
2017-05-02,1,3,21,29,31,7,12
2017-05-05,2,11,12,21,24,2,10
2017-05-09,6,10,44,46,49,3,9
2017-05-12,4,26,29,46,47,9,12
2017-05-16,30,32,38,39,42,5,8
2017-05-19,2,6,11,30,49,1,9
2017-05-23,1,6,15,32,40,7,9
2017-05-26,3,14,16,24,40,8,10
2017-05-30,11,15,28,29,33,1,6
2017-06-02,3,5,9,18,40,6,9
2017-06-06,1,3,26,43,47,7,12
2017-06-09,11,14,16,26,47,8,12
2017-06-13,12,16,23,30,44,5,6
2017-06-16,2,3,9,22,35,1,4
2017-06-20,11,15,27,40,43,4,6
2017-06-23,7,8,13,42,49,3,6
2017-06-27,14,27,28,31,46,5,10
2017-06-30,11,21,30,41,46,3,12
2017-07-04,7,32,33,36,48,8,12
2017-07-07,12,17,28,30,41,4,5
2017-07-11,6,10,21,44,49,6,8
2017-07-14,1,12,24,35,47,4,12
2017-07-18,7,19,24,32,39,7,12
2017-07-21,14,22,26,45,50,3,9
2017-07-25,5,13,27,36,42,4,9
2017-07-28,8,11,17,30,50,3,10
2017-08-01,6,15,30,42,49,2,12
2017-08-04,2,13,25,36,45,6,12
2017-08-08,11,14,34,35,45,5,12
2017-08-11,1,5,11,19,40,3,10
2017-08-15,11,27,29,31,36,8,9
2017-08-18,6,19,28,32,45,4,8
2017-08-22,5,32,34,36,39,2,12
2017-08-25,8,21,28,44,46,3,5
2017-08-29,16,26,28,38,47,4,12
2017-09-01,6,7,10,13,37,10,11
2017-09-05,7,25,37,39,41,6,8
2017-09-08,6,21,31,45,46,2,10
2017-09-12,4,9,13,16,26,2,5
2017-09-15,14,23,32,41,44,9,12
2017-09-19,6,9,15,25,28,1,3
2017-09-22,22,33,45,46,47,2,9
2017-09-26,1,13,33,40,42,2,4
2017-09-29,9,10,16,18,42,9,10
2017-10-03,12,13,28,35,42,6,7
2017-10-06,12,24,31,40,45,9,10
2017-10-10,17,21,24,36,38,8,12
2017-10-13,5,15,23,46,49,3,12
2017-10-17,3,10,24,33,42,2,8
2017-10-20,4,22,35,42,48,2,7
2017-10-24,8,22,32,46,48,1,12
2017-10-27,1,2,17,34,42,1,4
2017-10-31,7,14,23,32,47,2,10
2017-11-03,4,15,30,31,43,7,12
2017-11-07,11,21,45,47,48,7,11
2017-11-10,12,40,43,45,50,7,11
2017-11-14,32,34,36,43,49,4,5
2017-11-17,15,16,29,35,49,8,11
2017-11-21,5,13,32,37,38,1,4
2017-11-24,2,16,35,45,46,2,12
2017-11-28,25,30,32,38,46,1,7
2017-12-01,18,31,42,45,47,3,7
2017-12-05,1,8,18,26,33,9,11
2017-12-08,2,18,25,31,33,4,10
2017-12-12,3,40,42,45,50,2,4
2017-12-15,15,26,27,33,41,1,12
2017-12-19,16,18,31,43,48,2,6
2017-12-22,12,27,29,33,37,1,11
2017-12-26,9,22,29,36,43,8,11
2017-12-29,6,7,20,26,37,5,12
2018-01-02,8,15,17,22,27,2,6
2018-01-05,1,6,30,40,46,5,10
2018-01-09,3,11,26,32,47,7,9
2018-01-12,4,11,17,39,47,2,3
2018-01-16,15,30,31,36,42,1,9
2018-01-19,2,22,29,30,34,4,12
2018-01-23,20,26,28,41,44,2,5
2018-01-26,1,31,36,47,49,6,7
2018-01-30,18,19,22,26,37,4,7
2018-02-02,5,9,11,29,35,1,2
2018-02-06,18,20,28,37,49,2,3
2018-02-09,10,13,15,26,29,10,12
2018-02-13,4,14,18,33,42,8,10
2018-02-16,7,23,32,44,49,1,8
2018-02-20,11,17,22,23,49,6,7
2018-02-23,1,3,29,30,46,2,12
2018-02-27,12,30,42,43,46,7,9
2018-03-02,6,13,17,35,37,3,11
2018-03-06,18,21,28,30,34,1,6
2018-03-09,11,16,19,21,35,9,11
2018-03-13,28,38,39,46,50,5,9
2018-03-16,1,4,12,15,42,5,11
2018-03-20,23,37,39,40,49,4,7
2018-03-23,1,3,35,42,49,9,12
2018-03-27,10,13,29,35,47,2,8
2018-03-30,1,2,21,25,48,1,3
2018-04-03,4,24,29,45,47,6,10
2018-04-06,1,2,22,37,50,2,4
2018-04-10,5,22,31,34,46,4,12
2018-04-13,3,19,24,40,42,1,11
2018-04-17,1,13,24,37,38,1,6
2018-04-20,17,30,42,49,50,1,5
2018-04-24,2,3,23,27,32,5,12
2018-04-27,1,6,22,26,31,11,12
2018-05-01,15,33,36,40,45,5,10
2018-05-04,17,27,34,47,49,4,11
2018-05-08,15,16,32,38,42,5,9
2018-05-11,3,12,16,21,38,1,11
2018-05-15,9,15,27,40,42,4,12
2018-05-18,6,12,26,39,49,1,7
2018-05-22,12,13,15,18,40,7,12
2018-05-25,15,27,44,47,48,4,10
2018-05-29,6,13,36,37,45,6,11
2018-06-01,6,16,20,23,39,3,5
2018-06-05,4,12,17,19,24,5,6
2018-06-08,20,24,28,29,40,1,2
2018-06-12,5,30,31,36,41,11,12
2018-06-15,2,14,22,32,37,1,8
2018-06-19,6,11,24,25,46,1,11
2018-06-22,2,19,25,26,33,1,12
2018-06-26,12,20,26,28,41,3,12
2018-06-29,1,18,26,35,50,4,12
2018-07-03,1,17,29,44,50,6,11
2018-07-06,6,21,23,28,33,6,10
2018-07-10,1,14,15,25,37,2,3
2018-07-13,3,4,28,34,46,7,11
2018-07-17,15,19,22,26,44,5,6
2018-07-20,7,24,36,39,49,8,9
2018-07-24,5,9,23,38,42,5,12
2018-07-27,25,26,29,39,49,1,9
2018-07-31,1,14,28,39,48,1,4
2018-08-03,22,27,29,33,45,2,7
2018-08-07,19,28,40,41,47,1,4
2018-08-10,4,10,14,21,32,3,11
2018-08-14,1,2,6,18,49,3,6
2018-08-17,12,25,28,45,48,7,12
2018-08-21,1,10,21,43,44,3,6
2018-08-24,4,16,22,28,46,2,10
2018-08-28,8,9,10,11,48,4,12
2018-08-31,15,22,27,38,50,2,3
2018-09-04,14,16,25,29,45,9,10
2018-09-07,9,10,25,42,48,4,6
2018-09-11,27,32,34,37,49,9,11
2018-09-14,1,10,23,36,42,2,6
2018-09-18,6,14,15,22,46,3,6
2018-09-21,3,9,21,28,37,11,12
2018-09-25,13,14,29,33,47,8,11
2018-09-28,1,11,33,44,49,3,5
2018-10-02,5,16,25,32,33,2,12
2018-10-05,6,28,33,42,49,5,7
2018-10-09,4,13,24,28,43,3,12
2018-10-12,7,23,25,43,44,3,5
2018-10-16,2,19,33,38,47,2,8
2018-10-19,13,14,19,23,50,7,9
2018-10-23,8,10,14,39,50,1,3
2018-10-26,4,6,28,31,39,10,12
2018-10-30,6,8,11,16,18,5,8
2018-11-02,4,11,27,39,42,2,9
2018-11-06,21,26,37,43,46,1,10
2018-11-09,15,17,20,26,42,9,12
2018-11-13,9,29,33,37,46,4,7
2018-11-16,1,8,29,34,36,1,3
2018-11-20,2,9,11,14,37,7,12
2018-11-23,24,35,41,46,48,1,5
2018-11-27,9,13,28,29,43,8,9
2018-11-30,3,34,40,46,49,6,11
2018-12-04,20,27,30,32,34,4,12
2018-12-07,2,27,28,32,39,6,12
2018-12-11,19,23,26,29,36,2,3
2018-12-14,12,25,37,38,43,8,11
2018-12-18,6,14,18,28,44,2,5
2018-12-21,18,20,25,32,44,2,10
2018-12-25,17,24,26,31,34,7,11
2018-12-28,7,12,24,35,39,2,3
2019-01-01,7,17,24,25,28,3,7
2019-01-04,14,20,29,32,37,7,8
2019-01-08,11,18,26,44,46,1,3
2019-01-11,4,11,24,27,40,6,7
2019-01-15,2,6,34,35,49,4,7
2019-01-18,4,20,22,45,48,2,12
2019-01-22,4,16,20,37,47,3,8
2019-01-25,19,21,30,38,43,2,8
2019-01-29,11,24,27,36,49,10,11
2019-02-01,3,7,21,36,46,8,11
2019-02-05,5,7,10,35,44,1,3
2019-02-08,2,7,22,27,50,6,12
2019-02-12,4,21,24,40,43,7,8
2019-02-15,15,21,29,35,42,2,5
2019-02-19,3,4,15,24,48,9,10
2019-02-22,26,30,43,46,49,8,11
2019-02-26,1,6,25,34,46,1,8
2019-03-01,16,29,34,37,44,3,5
2019-03-05,1,2,26,29,34,9,11
2019-03-08,4,5,7,20,24,1,9
2019-03-12,4,10,20,27,35,2,6
2019-03-15,6,19,32,40,44,2,7
2019-03-19,15,19,41,43,47,3,4
2019-03-22,4,9,20,34,39,1,7
2019-03-26,9,17,19,31,45,2,9
2019-03-29,15,28,33,47,48,5,10
2019-04-02,1,13,39,43,48,5,8
2019-04-05,3,13,26,37,50,3,10
2019-04-09,6,17,40,42,50,7,10
2019-04-12,20,24,27,45,48,2,12
2019-04-16,3,6,29,30,49,2,5
2019-04-19,5,9,19,30,35,5,11
2019-04-23,5,19,28,31,45,5,7
2019-04-26,4,21,23,42,44,1,3
2019-04-30,8,15,17,22,47,3,6
2019-05-03,3,13,32,34,50,3,7
2019-05-07,5,27,31,32,50,1,6
2019-05-10,5,8,17,23,31,9,11
2019-05-14,4,7,24,37,44,3,11
2019-05-17,3,6,16,27,43,1,3
2019-05-21,7,21,23,42,45,1,11
2019-05-24,5,7,16,17,39,1,4
2019-05-28,2,9,12,38,41,5,7
2019-05-31,14,20,24,35,39,1,3
2019-06-04,6,27,28,30,41,1,12
2019-06-07,4,25,27,29,48,11,12
2019-06-11,1,13,37,40,46,1,9
2019-06-14,11,12,30,38,40,3,7
2019-06-18,4,19,22,27,50,2,10
2019-06-21,2,5,10,11,42,1,4
2019-06-25,2,14,36,39,44,9,12
2019-06-28,2,9,16,38,43,4,8
2019-07-02,5,6,14,17,50,2,8
2019-07-05,9,11,14,22,39,2,11
2019-07-09,2,15,19,30,42,2,9
2019-07-12,8,16,20,45,50,6,11
2019-07-16,4,17,29,44,50,3,11
2019-07-19,5,30,38,49,50,3,9
2019-07-23,8,21,24,28,46,4,9
2019-07-26,3,22,26,28,37,2,7
2019-07-30,2,3,34,41,49,3,8
2019-08-02,3,9,13,15,31,3,12
2019-08-06,6,15,31,42,44,1,10
2019-08-09,11,17,20,22,44,3,6
2019-08-13,2,24,28,36,43,11,12
2019-08-16,2,5,11,28,40,1,8
2019-08-20,8,9,15,19,43,6,11
2019-08-23,16,18,32,37,38,6,12
2019-08-27,13,16,17,27,40,2,7
2019-08-30,15,30,33,38,40,10,12
2019-09-03,31,33,37,40,41,2,8
2019-09-06,14,24,26,34,46,8,12
2019-09-10,15,37,38,39,50,8,9
2019-09-13,1,6,23,24,37,4,11
2019-09-17,29,42,46,49,50,1,7
2019-09-20,26,29,32,36,49,4,10
2019-09-24,1,14,18,21,42,1,2
2019-09-27,2,6,16,34,45,7,10
2019-10-01,9,12,18,39,42,1,11
2019-10-04,6,9,35,42,48,1,11
2019-10-08,1,10,19,28,50,5,6
2019-10-11,26,27,42,43,49,2,3
2019-10-15,11,13,39,42,46,4,10
2019-10-18,12,14,17,27,32,7,11
2019-10-22,1,30,47,49,50,6,12
2019-10-25,7,16,29,35,41,7,11
2019-10-29,12,29,45,48,50,1,5
2019-11-01,33,38,42,45,49,9,10
2019-11-05,8,18,20,35,46,1,3
2019-11-08,5,26,36,40,46,8,9
2019-11-12,11,13,32,43,50,10,12
2019-11-15,30,32,37,40,47,4,5
2019-11-19,10,25,28,35,38,2,5
2019-11-22,8,13,36,46,47,9,12
2019-11-26,19,29,34,40,42,6,12
2019-11-29,3,4,17,36,41,9,12
2019-12-03,6,7,13,18,39,5,7
2019-12-06,4,16,25,41,47,2,12
2019-12-10,4,27,28,32,50,10,11
2019-12-13,22,28,34,35,50,7,11
2019-12-17,2,4,12,15,38,4,11
2019-12-20,8,20,21,26,39,5,9
2019-12-24,2,13,22,23,34,6,9
2019-12-27,2,9,14,33,38,5,10
2019-12-31,1,2,12,24,38,8,10
2020-01-03,25,26,39,45,47,5,11
2020-01-07,21,29,42,44,45,1,6
2020-01-10,14,25,31,33,43,1,9
2020-01-14,11,22,27,38,44,1,2
2020-01-17,21,22,29,37,41,4,7
2020-01-21,5,7,8,17,42,5,9
2020-01-24,3,17,26,27,40,5,11
2020-01-28,20,29,32,42,46,1,10
2020-01-31,7,11,20,31,37,8,9
2020-02-04,16,24,37,44,50,8,10
2020-02-07,16,19,32,49,50,8,11
2020-02-11,4,37,39,48,49,2,12
2020-02-14,8,9,19,31,48,2,12
2020-02-18,1,5,20,23,24,3,12
2020-02-21,4,9,13,31,45,2,12
2020-02-25,15,26,31,39,44,8,10
2020-02-28,3,8,9,18,29,5,8
2020-03-03,5,7,23,38,45,1,6
2020-03-06,7,23,27,29,39,3,11
2020-03-10,8,30,33,40,45,2,3
2020-03-13,7,11,17,35,38,1,9
2020-03-17,2,8,10,32,35,6,9
2020-03-20,18,22,27,44,50,3,5
2020-03-24,14,33,41,42,47,8,11
2020-03-27,13,25,36,46,50,3,6
2020-03-31,1,34,36,41,43,9,10
2020-04-03,9,24,27,42,46,3,9
2020-04-07,10,21,38,48,50,3,5
2020-04-10,6,18,22,40,44,5,9
2020-04-14,2,17,20,32,39,5,6
2020-04-17,1,16,18,33,43,5,8
2020-04-21,2,10,19,44,47,9,10
2020-04-24,4,8,16,18,23,5,11
2020-04-28,22,24,32,44,50,2,5
2020-05-01,6,21,22,23,31,9,10
2020-05-05,5,13,14,22,39,3,9
2020-05-08,11,27,29,34,47,1,12
2020-05-12,1,26,35,37,48,5,7
2020-05-15,18,29,35,36,42,2,9
2020-05-19,15,24,25,29,31,4,7
2020-05-22,1,12,29,32,49,2,9
2020-05-26,13,20,22,23,24,3,7
2020-05-29,13,30,38,39,44,10,12
2020-06-02,8,11,31,34,45,9,12
2020-06-05,10,16,19,22,28,3,10
2020-06-09,6,11,14,16,49,4,10
2020-06-12,16,18,21,30,41,2,11
2020-06-16,2,7,8,12,49,9,12
2020-06-19,7,24,35,45,49,11,12
2020-06-23,8,29,32,38,50,1,2
2020-06-26,5,7,18,25,45,3,6
2020-06-30,8,16,18,26,40,2,5
2020-07-03,7,12,17,34,46,4,6
2020-07-07,7,23,33,35,41,5,8
2020-07-10,25,30,32,43,49,4,12
2020-07-14,11,12,15,20,43,4,10
2020-07-17,9,15,20,44,49,1,2
2020-07-21,2,17,34,40,45,7,8
2020-07-24,9,15,21,45,46,3,10
2020-07-28,6,19,29,46,48,5,9
2020-07-31,10,14,17,45,49,11,12
2020-08-04,2,25,36,42,47,6,8
2020-08-07,7,8,29,34,35,5,9
2020-08-11,22,25,32,41,48,3,8
2020-08-14,5,10,15,34,45,8,10
2020-08-18,4,6,14,18,48,8,11
2020-08-21,3,6,26,46,50,6,7
2020-08-25,18,29,30,45,50,2,6
2020-08-28,1,24,27,29,33,11,12
2020-09-01,22,31,39,49,50,3,11
2020-09-04,2,23,33,44,45,7,9
2020-09-08,29,45,46,47,48,9,11
2020-09-11,4,13,31,35,46,7,12
2020-09-15,23,35,39,47,49,9,11
2020-09-18,1,4,5,20,33,8,12
2020-09-22,21,27,30,41,46,1,2
2020-09-25,16,21,23,34,46,4,5
2020-09-29,3,13,18,23,36,1,6
2020-10-02,9,40,41,42,49,10,11
2020-10-06,8,15,18,20,46,7,8
2020-10-09,6,21,22,35,46,6,7
2020-10-13,6,12,28,33,47,5,9
2020-10-16,6,23,39,40,45,4,9
2020-10-20,17,33,35,42,47,3,4
2020-10-23,8,18,20,24,26,6,7
2020-10-27,6,24,30,42,50,5,6
2020-10-30,18,22,30,46,47,1,8
2020-11-03,3,12,33,45,49,2,8
2020-11-06,1,4,8,12,21,3,5
2020-11-10,7,10,11,27,36,6,11
2020-11-13,7,10,13,25,45,2,11
2020-11-17,11,13,20,30,34,4,10
2020-11-20,11,16,17,29,36,8,9
2020-11-24,14,33,35,46,47,1,7
2020-11-27,2,8,19,20,24,10,12
2020-12-01,20,23,26,40,50,2,10
2020-12-04,2,5,17,21,36,2,6
2020-12-08,11,15,22,25,39,9,12
2020-12-11,17,21,33,45,48,8,10
2020-12-15,3,34,40,44,50,4,5
2020-12-18,3,9,20,33,50,6,12
2020-12-22,5,8,21,32,49,7,8
2020-12-25,2,31,35,43,45,4,7
2020-12-29,1,9,11,33,46,7,10
2021-01-01,4,14,20,29,39,5,9
2021-01-05,20,22,32,44,47,2,3
2021-01-08,2,3,41,46,47,8,10
2021-01-12,2,5,16,34,35,2,9
2021-01-15,19,27,29,32,34,8,12
2021-01-19,6,10,20,36,43,7,12
2021-01-22,9,11,14,36,41,5,9
2021-01-26,2,9,22,27,42,6,10
2021-01-29,4,7,40,45,49,1,8
2021-02-02,1,22,32,34,35,5,12
2021-02-05,10,20,21,45,47,7,11
2021-02-09,7,9,11,14,38,1,4
2021-02-12,1,3,32,37,46,1,8
2021-02-16,6,20,21,40,48,4,12
2021-02-19,10,31,36,38,47,2,6
2021-02-23,6,26,32,33,36,2,11
2021-02-26,2,9,27,32,41,5,8
2021-03-02,2,6,29,33,49,5,10
2021-03-05,3,14,17,27,45,4,12
2021-03-09,4,8,24,30,32,2,4
2021-03-12,10,17,26,37,40,5,9
2021-03-16,10,16,23,29,49,1,6
2021-03-19,11,16,34,45,50,2,10
2021-03-23,10,15,22,42,44,7,11
2021-03-26,32,36,38,45,46,1,4
2021-03-30,22,35,39,47,48,3,8
2021-04-02,14,31,37,44,47,6,9
2021-04-06,30,33,36,41,46,2,9
2021-04-09,2,13,27,34,35,6,9
2021-04-13,1,18,20,36,40,1,5
2021-04-16,1,12,13,30,41,4,8
2021-04-20,15,34,40,46,50,1,2
2021-04-23,3,21,30,46,50,10,12
2021-04-27,2,3,9,16,28,1,5
2021-04-30,10,21,28,32,39,6,11
2021-05-04,6,26,38,46,50,5,11
2021-05-07,8,10,11,27,49,1,5
2021-05-11,16,17,27,39,50,3,10
2021-05-14,5,13,25,39,49,2,4
2021-05-18,13,14,20,21,44,10,12
2021-05-21,2,6,12,39,44,2,4
2021-05-25,8,20,29,40,42,5,8
2021-05-28,10,17,37,47,48,1,12
2021-06-01,4,7,12,29,43,2,11
2021-06-04,8,16,23,33,45,2,11
2021-06-08,11,25,32,44,49,6,7
2021-06-11,18,27,40,41,43,7,8
2021-06-15,5,12,39,41,49,2,6
2021-06-18,2,33,47,48,49,7,10
2021-06-22,13,15,29,42,47,3,8
2021-06-25,11,16,18,19,22,7,10
2021-06-29,3,10,30,32,48,1,2
2021-07-02,19,36,39,45,49,10,11
2021-07-06,9,26,36,37,45,2,12
2021-07-09,3,8,20,31,41,1,6
2021-07-13,1,13,24,31,38,1,7
2021-07-16,4,10,17,36,39,9,12
2021-07-20,22,29,30,40,46,2,11
2021-07-23,4,14,21,27,38,1,10
2021-07-27,4,14,15,17,26,2,10
2021-07-30,2,23,25,32,39,5,10
2021-08-03,18,37,41,44,46,4,9
2021-08-06,1,8,24,42,46,3,12
2021-08-10,17,18,20,22,29,5,7
2021-08-13,16,20,39,40,45,7,9
2021-08-17,9,21,23,24,48,1,11
2021-08-20,3,4,33,37,47,1,11
2021-08-24,1,2,24,46,50,3,4
2021-08-27,25,30,37,43,50,5,10
2021-08-31,16,19,21,42,45,4,12
2021-09-03,25,27,29,37,45,4,7
2021-09-07,7,25,28,30,38,1,4
2021-09-10,1,6,34,42,44,2,12
2021-09-14,5,16,24,25,50,7,11
2021-09-17,3,7,15,36,43,4,8
2021-09-21,21,24,32,44,48,10,11
2021-09-24,6,7,9,17,38,1,4
2021-09-28,2,10,20,28,46,1,7
2021-10-01,6,8,29,40,46,9,11
2021-10-05,9,15,30,31,44,5,10
2021-10-08,7,15,38,45,47,7,12
2021-10-12,10,16,30,32,49,3,11
2021-10-15,4,22,38,43,45,3,8
2021-10-19,4,17,24,28,33,1,9
2021-10-22,2,12,21,30,50,6,7
2021-10-26,3,24,41,46,50,5,10
2021-10-29,9,15,22,24,26,2,9
2021-11-02,3,16,40,41,45,8,10
2021-11-05,12,16,25,33,48,5,9
2021-11-09,5,6,20,32,40,3,12
2021-11-12,11,15,23,26,27,1,5
2021-11-16,10,16,17,32,39,4,11
2021-11-19,2,20,36,38,40,1,8
2021-11-23,7,14,16,24,25,6,8
2021-11-26,4,14,17,26,40,6,10
2021-11-30,7,17,21,44,49,2,5
2021-12-03,7,30,31,39,43,3,6
2021-12-07,11,14,29,38,50,7,12
2021-12-10,2,9,22,40,47,3,8
2021-12-14,5,29,32,37,39,2,7
2021-12-17,25,31,34,44,47,7,10
2021-12-21,9,16,17,21,42,3,9
2021-12-24,37,38,42,45,48,8,10
2021-12-28,14,23,27,39,40,4,8
2021-12-31,2,7,16,48,50,4,11
2022-01-04,2,27,40,41,50,2,12
2022-01-07,13,21,25,30,46,7,8
2022-01-11,13,19,42,43,45,6,7
2022-01-14,4,22,25,29,46,6,10
2022-01-18,15,19,21,26,32,6,12
2022-01-21,3,6,13,20,38,3,7
2022-01-25,4,15,20,42,49,7,9
2022-01-28,2,15,22,23,29,6,8
2022-02-01,16,22,25,45,46,5,11
2022-02-04,4,18,20,40,43,5,12
2022-02-08,8,19,20,39,47,3,9
2022-02-11,1,7,11,21,42,4,10
2022-02-15,19,21,22,29,32,7,11
2022-02-18,6,13,25,39,45,1,10
2022-02-22,10,24,27,31,33,5,11
2022-02-25,12,20,27,37,46,5,7
2022-03-01,21,27,29,31,37,10,12
2022-03-04,9,20,33,35,46,7,11
2022-03-08,10,13,17,18,30,4,6
2022-03-11,2,5,22,25,37,7,12
2022-03-15,33,36,38,41,50,1,8
2022-03-18,23,31,33,38,48,3,9
2022-03-22,1,15,19,27,33,7,10
2022-03-25,17,21,27,39,46,2,9
2022-03-29,7,16,38,47,48,4,11
2022-04-01,10,13,37,44,47,8,9
2022-04-05,9,18,23,45,46,6,9
2022-04-08,12,17,23,29,41,8,10
2022-04-12,18,24,34,40,49,4,6
2022-04-15,3,4,14,27,34,1,4
2022-04-19,5,21,23,30,37,5,7
2022-04-22,20,22,26,33,50,2,9
2022-04-26,9,10,30,38,42,2,3
2022-04-29,9,18,19,37,50,2,8
2022-05-03,3,16,24,35,42,8,9
2022-05-06,9,10,13,17,26,7,9
2022-05-10,15,18,32,39,40,4,5
2022-05-13,7,23,38,40,46,5,10
2022-05-17,8,13,16,40,41,2,8
2022-05-20,1,10,25,39,42,8,10
2022-05-24,10,24,37,42,50,1,12
2022-05-27,2,3,12,44,47,6,11
2022-05-31,7,20,26,36,46,4,10
2022-06-03,4,20,31,44,48,6,7
2022-06-07,26,30,34,38,50,2,10
2022-06-10,24,31,34,37,42,5,11
2022-06-14,18,20,30,32,48,4,5
2022-06-17,24,35,36,40,43,4,5
2022-06-21,24,29,30,33,39,7,11
2022-06-24,14,29,30,42,47,1,12
2022-06-28,8,33,37,40,47,1,12
2022-07-01,7,10,13,21,24,1,3
2022-07-05,7,19,26,33,34,1,2
2022-07-08,6,12,26,31,42,1,3
2022-07-12,4,19,26,30,32,2,9
2022-07-15,2,5,18,44,50,4,9
2022-07-19,9,24,25,31,48,5,8
2022-07-22,2,17,24,31,46,6,12
2022-07-26,3,10,19,32,40,3,11
2022-07-29,10,24,28,29,45,2,8
2022-08-02,26,27,32,34,47,5,8
2022-08-05,9,23,37,43,50,7,12
2022-08-09,21,29,37,42,43,2,12
2022-08-12,9,16,19,35,48,3,12
2022-08-16,7,26,42,43,45,2,5
2022-08-19,15,20,31,36,48,6,10
2022-08-23,8,10,20,28,49,3,12
2022-08-26,3,7,21,28,48,7,10
2022-08-30,1,13,21,38,43,5,8
2022-09-02,7,11,28,38,39,6,11
2022-09-06,9,16,17,19,45,6,9
2022-09-09,1,18,25,26,33,8,9
2022-09-13,3,15,19,32,33,4,7
2022-09-16,19,29,35,37,45,4,5
2022-09-20,16,18,20,23,31,7,12
2022-09-23,5,19,25,35,44,6,7
2022-09-27,3,9,22,25,41,8,10
2022-09-30,4,25,28,39,40,3,4
2022-10-04,16,19,30,39,45,8,11
2022-10-07,12,14,39,42,48,2,7
2022-10-11,2,5,19,21,27,3,5
2022-10-14,14,16,20,22,50,3,10
2022-10-18,2,9,22,43,44,3,11
2022-10-21,7,15,17,38,45,3,4
2022-10-25,3,14,20,39,50,1,11
2022-10-28,2,8,11,27,47,3,10
2022-11-01,10,27,30,36,39,6,9
2022-11-04,7,11,12,33,34,6,7
2022-11-08,8,30,40,43,46,7,10
2022-11-11,14,20,31,33,45,3,10
2022-11-15,6,20,40,44,46,4,8
2022-11-18,1,4,6,11,14,3,5
2022-11-22,12,20,23,32,41,4,6
2022-11-25,9,20,24,37,50,4,12
2022-11-29,6,32,39,47,49,7,8
2022-12-02,9,11,30,39,45,1,5
2022-12-06,12,15,27,42,43,2,9
2022-12-09,1,18,24,36,44,2,7
2022-12-13,4,9,21,41,48,4,6
2022-12-16,14,21,28,35,48,6,9
2022-12-20,3,11,22,28,41,1,4
2022-12-23,1,4,26,31,37,2,12
2022-12-27,12,19,21,33,34,7,12
2022-12-30,12,14,20,25,41,10,11
2023-01-03,4,9,32,47,48,6,9
2023-01-06,2,16,20,27,28,2,12
2023-01-10,5,7,15,19,36,3,9
2023-01-13,2,10,16,43,49,4,7
2023-01-17,19,24,30,35,41,11,12
2023-01-20,3,17,24,46,47,4,11
2023-01-24,4,5,17,22,48,6,7
2023-01-27,7,13,19,46,48,1,7
2023-01-31,19,29,32,34,48,7,10
2023-02-03,19,39,41,44,49,1,6
2023-02-07,1,6,22,23,35,3,8
2023-02-10,1,19,35,40,47,9,12
2023-02-14,1,15,26,49,50,1,5
2023-02-17,17,30,32,33,50,3,9
2023-02-21,6,15,22,23,46,5,11
2023-02-24,3,11,29,36,40,4,7
2023-02-28,3,10,26,40,43,1,3
2023-03-03,1,9,29,42,45,5,6
2023-03-07,19,30,34,45,48,3,12
2023-03-10,2,5,18,20,40,1,5
2023-03-14,3,9,20,42,45,8,11
2023-03-17,2,18,26,45,48,6,9
2023-03-21,3,16,24,31,41,2,9
2023-03-24,11,20,22,32,49,1,8
2023-03-28,10,28,29,37,43,4,5
2023-03-31,2,12,17,27,38,4,5
2023-04-04,12,20,30,35,46,4,8
2023-04-07,3,12,14,37,41,4,11
2023-04-11,13,21,38,39,42,2,10
2023-04-14,14,15,34,40,42,8,10
2023-04-18,25,35,37,42,47,2,9
2023-04-21,9,11,28,32,35,6,8
2023-04-25,13,30,34,38,49,2,10
2023-04-28,1,5,11,14,41,6,7
2023-05-02,5,30,32,38,50,2,7
2023-05-05,22,32,35,44,45,1,11
2023-05-09,9,21,22,34,43,2,8
2023-05-12,2,3,11,25,27,2,3
2023-05-16,5,25,31,39,47,5,8
2023-05-19,5,16,21,29,32,1,10
2023-05-23,8,15,46,47,48,7,10
2023-05-26,1,20,26,38,42,7,12
2023-05-30,12,14,20,38,39,3,11
2023-06-02,2,7,17,31,49,3,11
2023-06-06,13,16,34,45,47,4,12
2023-06-09,13,18,29,30,49,4,11
2023-06-13,6,11,13,21,26,6,10
2023-06-16,4,8,11,22,37,1,5
2023-06-20,4,7,9,10,11,4,7
2023-06-23,13,26,30,34,36,9,11
2023-06-27,2,6,22,34,37,5,6
2023-06-30,4,8,28,34,44,6,7
2023-07-04,11,14,34,37,40,6,7
2023-07-07,5,18,32,44,50,8,12
2023-07-11,1,2,7,16,45,1,7
2023-07-14,28,31,32,36,38,4,8
2023-07-18,2,4,9,36,47,1,6
2023-07-21,10,12,20,25,49,8,12
2023-07-25,4,15,34,43,46,2,11
2023-07-28,1,3,13,43,50,2,10
2023-08-01,13,14,25,28,44,4,8
2023-08-04,9,24,25,42,49,3,10
2023-08-08,3,23,31,46,48,5,7
2023-08-11,9,13,16,19,46,6,7
2023-08-15,5,9,15,31,48,4,7
2023-08-18,9,15,20,32,46,3,10
2023-08-22,18,27,36,40,43,9,10
2023-08-25,12,23,24,29,44,1,12
2023-08-29,15,17,20,39,50,6,8
2023-09-01,8,14,34,36,47,2,11
2023-09-05,7,13,14,30,40,10,11
2023-09-08,16,18,19,20,24,6,7
2023-09-12,11,31,38,42,43,3,8
2023-09-15,2,6,10,49,50,1,4
2023-09-19,1,13,28,29,35,1,12
2023-09-22,19,23,27,36,46,1,2
2023-09-26,1,6,9,13,45,1,2
2023-09-29,19,32,33,34,49,5,11
2023-10-03,10,22,29,31,46,2,10
2023-10-06,12,21,22,40,50,6,9
2023-10-10,3,9,13,19,35,6,9
2023-10-13,3,5,23,34,40,8,10
2023-10-17,3,22,28,40,49,4,7
2023-10-20,1,6,7,35,40,5,6
2023-10-24,5,9,34,39,42,1,5
2023-10-27,1,8,18,34,42,1,4
2023-10-31,12,30,43,44,45,2,3
2023-11-03,4,19,21,45,46,2,3
2023-11-07,20,23,35,39,49,11,12
2023-11-10,9,18,24,34,40,1,11
2023-11-14,3,4,18,45,46,9,11
2023-11-17,8,23,33,39,46,3,7
2023-11-21,1,19,22,48,50,9,10
2023-11-24,5,7,35,40,41,4,9
2023-11-28,5,16,23,24,31,7,11
2023-12-01,25,26,35,39,44,3,12
2023-12-05,3,9,10,18,29,3,12
2023-12-08,9,31,40,46,47,1,2
2023-12-12,14,21,29,36,43,1,4
2023-12-15,16,18,23,43,47,7,9
2023-12-19,1,18,45,47,49,3,12
2023-12-22,10,11,34,37,40,3,10
2023-12-26,14,17,22,38,43,5,6
2023-12-29,19,21,42,44,47,7,12
2024-01-02,15,19,23,33,46,1,2
2024-01-05,19,20,25,40,48,5,7
2024-01-09,20,27,32,44,50,1,12
2024-01-12,1,15,29,32,37,6,7
2024-01-16,3,28,33,42,43,6,9
2024-01-19,20,23,28,34,44,5,9
2024-01-23,1,18,31,43,48,1,8
2024-01-26,7,16,19,35,36,5,6
2024-01-30,1,7,42,43,44,2,5
2024-02-02,11,22,26,28,31,6,10
2024-02-06,5,14,16,26,39,3,6
2024-02-09,8,16,35,36,42,5,6
2024-02-13,10,27,33,38,49,6,10
2024-02-16,2,8,16,17,42,1,7
2024-02-20,16,30,32,34,48,2,10
2024-02-23,3,9,12,14,37,4,11
2024-02-27,13,14,32,33,49,4,10
2024-03-01,6,31,32,36,37,7,9
2024-03-05,7,9,15,29,43,1,3
2024-03-08,1,15,17,18,37,5,12
2024-03-12,15,23,28,29,38,4,9
2024-03-15,14,36,38,39,47,6,9
2024-03-19,4,10,17,19,21,4,8
2024-03-22,4,16,36,38,39,2,12
2024-03-26,3,13,23,25,43,3,12
2024-03-29,8,10,16,21,47,11,12
2024-04-02,2,27,46,49,50,4,12
2024-04-05,1,14,16,21,39,1,5
2024-04-09,5,7,25,45,46,4,5
2024-04-12,4,6,19,34,49,1,8
2024-04-16,6,13,14,28,37,3,10
2024-04-19,4,8,22,38,44,4,7
2024-04-23,10,12,37,38,43,8,9
2024-04-26,9,10,13,27,49,7,10
2024-04-30,1,16,37,42,45,6,8
2024-05-03,3,13,22,38,40,6,12
2024-05-07,7,15,20,39,50,3,11
2024-05-10,13,15,19,27,28,2,7
2024-05-14,9,21,23,30,45,5,12
2024-05-17,5,13,16,28,34,3,12
2024-05-21,6,12,18,28,43,4,12
2024-05-24,1,8,20,25,48,2,6
2024-05-28,10,12,35,37,50,5,8
2024-05-31,11,17,31,33,45,5,11
2024-06-04,5,10,11,17,50,1,9
2024-06-07,34,36,39,44,45,2,7
2024-06-11,5,13,14,23,34,2,7
2024-06-14,8,15,22,32,41,2,5
2024-06-18,3,6,18,20,46,4,7
2024-06-21,19,38,39,44,48,10,12
2024-06-25,6,7,23,24,35,4,8
2024-06-28,10,12,22,31,34,3,12
2024-07-02,1,13,29,36,48,5,8
2024-07-05,18,30,32,39,48,6,12
2024-07-09,2,18,24,30,39,4,6
2024-07-12,17,18,19,27,48,3,8
2024-07-16,1,12,22,32,40,1,10
2024-07-19,11,20,30,40,42,3,6
2024-07-23,1,3,16,21,28,6,9
2024-07-26,23,27,32,35,39,2,3
2024-07-30,1,6,12,14,43,4,9
2024-08-02,1,17,29,33,44,2,5
2024-08-06,8,34,35,37,46,3,8
2024-08-09,7,19,22,48,50,5,8
2024-08-13,10,27,42,46,48,4,11
2024-08-16,36,38,42,43,44,3,9
2024-08-20,2,16,32,36,41,8,9
2024-08-23,10,20,31,40,43,2,7
2024-08-27,1,9,17,43,46,8,12
2024-08-30,3,5,15,37,48,1,8
2024-09-03,2,7,11,46,48,8,11
2024-09-06,9,11,17,25,33,6,10
2024-09-10,12,30,35,43,46,3,11
2024-09-13,19,21,24,45,47,7,11
2024-09-17,10,23,24,48,49,5,7
2024-09-20,7,8,15,25,37,8,9
2024-09-24,6,9,17,38,41,1,12
2024-09-27,21,24,34,39,41,7,12
2024-10-01,1,17,35,39,47,4,6
2024-10-04,1,6,7,16,20,5,6
2024-10-08,3,14,34,35,39,3,12
2024-10-11,16,25,33,41,46,1,10
2024-10-15,3,12,22,25,45,2,7
2024-10-18,3,17,18,26,45,6,11
2024-10-22,16,28,39,41,49,11,12
2024-10-25,6,12,17,18,33,2,10
2024-10-29,2,17,24,25,38,1,11
2024-11-01,2,13,16,24,47,3,7
2024-11-05,5,21,30,32,40,1,9
2024-11-08,11,22,38,45,47,5,7
2024-11-12,33,36,41,47,49,4,9
2024-11-15,6,32,33,38,43,4,5
2024-11-19,13,24,42,44,47,2,8
2024-11-22,3,8,15,16,36,2,10
2024-11-26,1,17,29,41,42,6,12
2024-11-29,3,40,44,47,49,11,12
2024-12-03,10,11,37,43,47,3,7
2024-12-06,4,10,24,38,44,9,12
2024-12-10,27,31,42,48,49,9,12
2024-12-13,7,10,30,37,47,6,12
2024-12-17,2,17,23,28,40,10,11
2024-12-20,15,27,29,43,50,4,8
2024-12-24,9,13,15,23,25,5,6
2024-12-27,5,15,29,37,38,1,11
2024-12-31,10,11,16,45,48,6,12
2025-01-03,1,18,23,40,46,4,9
2025-01-07,3,8,10,22,40,2,8
2025-01-10,2,12,13,39,43,3,12
2025-01-14,8,20,23,28,49,1,8
2025-01-17,12,40,41,44,47,2,7
2025-01-21,5,9,10,26,35,3,8
2025-01-24,14,26,28,35,38,3,7
2025-01-28,15,20,22,23,40,2,6
2025-01-31,8,20,39,47,48,2,8
2025-02-04,29,30,35,37,40,4,8
2025-02-07,22,33,42,44,47,2,8
2025-02-11,4,10,42,44,50,2,8
2025-02-14,3,12,15,29,49,2,11
2025-02-18,4,8,12,13,26,1,12
2025-02-21,14,16,19,28,50,2,8
2025-02-25,13,19,27,38,50,1,2
2025-02-28,3,13,14,18,28,8,10
2025-03-04,12,20,26,32,46,2,6
2025-03-07,7,25,27,32,40,3,9
2025-03-11,7,11,17,28,31,6,11
2025-03-14,6,19,28,34,41,5,10
2025-03-18,13,15,19,20,21,4,5
2025-03-21,2,21,30,32,41,1,12
2025-03-25,8,21,22,34,45,3,8
2025-03-28,18,27,29,31,37,7,9
2025-04-01,16,26,29,30,33,9,12
2025-04-04,8,21,25,26,44,9,11
2025-04-08,6,21,23,45,46,11,12
2025-04-11,3,21,28,30,44,7,10
2025-04-15,20,24,29,41,48,1,12
2025-04-18,4,18,39,41,45,6,9
2025-04-22,7,40,41,43,45,9,12
2025-04-25,20,28,37,46,49,5,9
2025-04-29,5,7,17,30,41,2,7
2025-05-02,7,20,21,23,31,6,11
2025-05-06,1,3,4,12,40,4,9
2025-05-09,7,14,18,29,46,5,12
2025-05-13,7,14,26,37,44,4,8
2025-05-16,1,26,31,33,47,1,11
2025-05-20,23,30,32,44,45,6,7
2025-05-23,13,14,24,28,47,4,11
2025-05-27,10,15,30,32,43,6,10
2025-05-30,4,24,29,30,48,2,11
2025-06-03,4,32,44,48,50,2,12
2025-06-06,3,18,37,42,50,9,11
